/*
 Navicat Premium Data Transfer

 Source Server         : localhost-mysql-8.0.26
 Source Server Type    : MySQL
 Source Server Version : 80026
 Source Host           : localhost:3306
 Source Schema         : fireworks_neighborhood

 Target Server Type    : MySQL
 Target Server Version : 80026
 File Encoding         : 65001

 Date: 12/04/2026 07:45:29
*/

SET NAMES utf8mb4;
SET FOREIGN_KEY_CHECKS = 0;

-- ----------------------------
-- Table structure for flyway_schema_history
-- ----------------------------
DROP TABLE IF EXISTS `flyway_schema_history`;
CREATE TABLE `flyway_schema_history`  (
  `installed_rank` int NOT NULL,
  `version` varchar(50) CHARACTER SET utf8mb4 COLLATE utf8mb4_0900_ai_ci NULL DEFAULT NULL,
  `description` varchar(200) CHARACTER SET utf8mb4 COLLATE utf8mb4_0900_ai_ci NOT NULL,
  `type` varchar(20) CHARACTER SET utf8mb4 COLLATE utf8mb4_0900_ai_ci NOT NULL,
  `script` varchar(1000) CHARACTER SET utf8mb4 COLLATE utf8mb4_0900_ai_ci NOT NULL,
  `checksum` int NULL DEFAULT NULL,
  `installed_by` varchar(100) CHARACTER SET utf8mb4 COLLATE utf8mb4_0900_ai_ci NOT NULL,
  `installed_on` timestamp NOT NULL DEFAULT CURRENT_TIMESTAMP,
  `execution_time` int NOT NULL,
  `success` tinyint(1) NOT NULL,
  PRIMARY KEY (`installed_rank`) USING BTREE,
  INDEX `flyway_schema_history_s_idx`(`success` ASC) USING BTREE
) ENGINE = InnoDB CHARACTER SET = utf8mb4 COLLATE = utf8mb4_0900_ai_ci ROW_FORMAT = DYNAMIC;

-- ----------------------------
-- Records of flyway_schema_history
-- ----------------------------
INSERT INTO `flyway_schema_history` VALUES (1, '0', '<< Flyway Baseline >>', 'BASELINE', '<< Flyway Baseline >>', NULL, 'root', '2026-03-14 09:07:27', 0, 1);
INSERT INTO `flyway_schema_history` VALUES (2, '1', 'add button permissions', 'SQL', 'V1__add_button_permissions.sql', -1785412657, 'root', '2026-03-14 09:07:28', 7, 1);
INSERT INTO `flyway_schema_history` VALUES (3, '2', 'link button permissions to menu', 'SQL', 'V2__link_button_permissions_to_menu.sql', -1709999711, 'root', '2026-03-14 09:35:23', 20, 0);

-- ----------------------------
-- Table structure for oms_cart_item
-- ----------------------------
DROP TABLE IF EXISTS `oms_cart_item`;
CREATE TABLE `oms_cart_item`  (
  `id` bigint NOT NULL AUTO_INCREMENT,
  `user_id` bigint NOT NULL,
  `product_id` bigint NOT NULL,
  `quantity` int NOT NULL DEFAULT 1,
  `price_snapshot` decimal(10, 2) NOT NULL,
  `title_snapshot` varchar(200) CHARACTER SET utf8mb4 COLLATE utf8mb4_0900_ai_ci NULL DEFAULT NULL,
  `image_snapshot` varchar(500) CHARACTER SET utf8mb4 COLLATE utf8mb4_0900_ai_ci NULL DEFAULT NULL,
  `create_time` datetime NULL DEFAULT CURRENT_TIMESTAMP,
  `update_time` datetime NULL DEFAULT CURRENT_TIMESTAMP ON UPDATE CURRENT_TIMESTAMP,
  PRIMARY KEY (`id`) USING BTREE,
  UNIQUE INDEX `uk_user_product`(`user_id` ASC, `product_id` ASC) USING BTREE,
  INDEX `idx_user_id`(`user_id` ASC) USING BTREE,
  INDEX `idx_product_id`(`product_id` ASC) USING BTREE
) ENGINE = InnoDB AUTO_INCREMENT = 56 CHARACTER SET = utf8mb4 COLLATE = utf8mb4_0900_ai_ci COMMENT = 'иҙӯзү©иҪҰжҳҺз»Ҷ' ROW_FORMAT = Dynamic;

-- ----------------------------
-- Records of oms_cart_item
-- ----------------------------
INSERT INTO `oms_cart_item` VALUES (29, 1, 2, 28, 49.90, 'зү№д»‘иӢҸзәҜзүӣеҘ¶ 250ml*12 жҸҗ', 'https://picsum.photos/seed/milk/200/200', '2026-03-29 21:43:08', '2026-04-01 21:43:55');

-- ----------------------------
-- Table structure for oms_order
-- ----------------------------
DROP TABLE IF EXISTS `oms_order`;
CREATE TABLE `oms_order`  (
  `id` bigint NOT NULL AUTO_INCREMENT COMMENT 'дё»й”®',
  `order_no` varchar(32) CHARACTER SET utf8mb4 COLLATE utf8mb4_0900_ai_ci NOT NULL COMMENT 'и®ўеҚ•еҸ·',
  `user_id` bigint NOT NULL COMMENT 'з”ЁжҲ·ID',
  `order_status` tinyint NOT NULL DEFAULT 0 COMMENT 'и®ўеҚ•зҠ¶жҖҒпјҡ0-еҫ…ж”Ҝд»ҳпјҢ1-е·Іж”Ҝд»ҳпјҢ2-е·ІеҸ–ж¶ҲпјҢ3-е·Іе…ій—ӯпјҢ4-е·Іе®ҢжҲҗ',
  `pay_status` tinyint NOT NULL DEFAULT 0 COMMENT 'ж”Ҝд»ҳзҠ¶жҖҒпјҡ0-жңӘж”Ҝд»ҳпјҢ1-ж”Ҝд»ҳдёӯпјҢ2-ж”Ҝд»ҳжҲҗеҠҹпјҢ3-ж”Ҝд»ҳеӨұиҙҘпјҢ4-е·Іе…ій—ӯ',
  `source_type` tinyint NOT NULL DEFAULT 1 COMMENT 'и®ўеҚ•жқҘжәҗпјҡ1-иҙӯзү©иҪҰдёӢеҚ•пјҢ2-з«ӢеҚіиҙӯд№°',
  `total_amount` decimal(10, 2) NOT NULL DEFAULT 0.00 COMMENT 'и®ўеҚ•жҖ»йҮ‘йўқ',
  `pay_amount` decimal(10, 2) NOT NULL DEFAULT 0.00 COMMENT 'е®һд»ҳйҮ‘йўқ',
  `item_count` int NOT NULL DEFAULT 0 COMMENT 'е•Ҷе“ҒжҖ»д»¶ж•°',
  `receiver_name` varchar(64) CHARACTER SET utf8mb4 COLLATE utf8mb4_0900_ai_ci NULL DEFAULT NULL COMMENT 'ж”¶иҙ§дәә',
  `receiver_phone` varchar(32) CHARACTER SET utf8mb4 COLLATE utf8mb4_0900_ai_ci NULL DEFAULT NULL COMMENT 'ж”¶иҙ§з”өиҜқ',
  `receiver_province` varchar(64) CHARACTER SET utf8mb4 COLLATE utf8mb4_0900_ai_ci NULL DEFAULT NULL COMMENT 'зңҒ',
  `receiver_city` varchar(64) CHARACTER SET utf8mb4 COLLATE utf8mb4_0900_ai_ci NULL DEFAULT NULL COMMENT 'еёӮ',
  `receiver_district` varchar(64) CHARACTER SET utf8mb4 COLLATE utf8mb4_0900_ai_ci NULL DEFAULT NULL COMMENT 'еҢә',
  `receiver_detail_address` varchar(255) CHARACTER SET utf8mb4 COLLATE utf8mb4_0900_ai_ci NULL DEFAULT NULL COMMENT 'иҜҰз»Ҷең°еқҖ',
  `remark` varchar(255) CHARACTER SET utf8mb4 COLLATE utf8mb4_0900_ai_ci NULL DEFAULT NULL COMMENT 'з”ЁжҲ·еӨҮжіЁ',
  `submit_token` varchar(64) CHARACTER SET utf8mb4 COLLATE utf8mb4_0900_ai_ci NULL DEFAULT NULL COMMENT 'жҸҗдәӨе№Ӯзӯүtoken',
  `expire_time` datetime NULL DEFAULT NULL COMMENT 'ж”Ҝд»ҳиҝҮжңҹж—¶й—ҙ',
  `pay_time` datetime NULL DEFAULT NULL COMMENT 'ж”Ҝд»ҳжҲҗеҠҹж—¶й—ҙ',
  `cancel_time` datetime NULL DEFAULT NULL COMMENT 'еҸ–ж¶Ҳж—¶й—ҙ',
  `cancel_reason` varchar(255) CHARACTER SET utf8mb4 COLLATE utf8mb4_0900_ai_ci NULL DEFAULT NULL COMMENT 'еҸ–ж¶ҲеҺҹеӣ ',
  `deleted` tinyint NOT NULL DEFAULT 0 COMMENT 'йҖ»иҫ‘еҲ йҷӨпјҡ0-еҗҰпјҢ1-жҳҜ',
  `create_time` datetime NOT NULL DEFAULT CURRENT_TIMESTAMP COMMENT 'еҲӣе»әж—¶й—ҙ',
  `update_time` datetime NOT NULL DEFAULT CURRENT_TIMESTAMP ON UPDATE CURRENT_TIMESTAMP COMMENT 'жӣҙж–°ж—¶й—ҙ',
  PRIMARY KEY (`id`) USING BTREE,
  UNIQUE INDEX `uk_order_no`(`order_no` ASC) USING BTREE,
  UNIQUE INDEX `uk_submit_token`(`submit_token` ASC) USING BTREE,
  INDEX `idx_user_status`(`user_id` ASC, `order_status` ASC) USING BTREE,
  INDEX `idx_user_create_time`(`user_id` ASC, `create_time` ASC) USING BTREE,
  INDEX `idx_expire_time`(`expire_time` ASC) USING BTREE,
  INDEX `idx_create_time`(`create_time` ASC) USING BTREE
) ENGINE = InnoDB AUTO_INCREMENT = 3 CHARACTER SET = utf8mb4 COLLATE = utf8mb4_0900_ai_ci COMMENT = 'и®ўеҚ•дё»иЎЁ' ROW_FORMAT = Dynamic;

-- ----------------------------
-- Records of oms_order
-- ----------------------------
INSERT INTO `oms_order` VALUES (1, '20260329213505000001', 1, 1, 2, 1, 149.70, 149.70, 3, '1', '1', '1', '1', '1', '1', NULL, '9989150eba954f9aaa775978b15f9643', '2026-03-29 21:50:06', '2026-03-29 21:38:22', NULL, NULL, 0, '2026-03-29 21:35:05', '2026-03-29 21:38:22');
INSERT INTO `oms_order` VALUES (2, '20260329214037000002', 1, 2, 4, 1, 49.90, 49.90, 1, '2', '2', '2', '2', '2', '2', NULL, 'cb4a9e77823a44e598f8147aeace2e40', '2026-03-29 21:55:38', NULL, '2026-03-29 21:41:34', NULL, 0, '2026-03-29 21:40:37', '2026-03-29 21:41:33');

-- ----------------------------
-- Table structure for oms_order_item
-- ----------------------------
DROP TABLE IF EXISTS `oms_order_item`;
CREATE TABLE `oms_order_item`  (
  `id` bigint NOT NULL AUTO_INCREMENT COMMENT 'дё»й”®',
  `order_id` bigint NOT NULL COMMENT 'и®ўеҚ•ID',
  `order_no` varchar(32) CHARACTER SET utf8mb4 COLLATE utf8mb4_0900_ai_ci NOT NULL COMMENT 'и®ўеҚ•еҸ·',
  `user_id` bigint NOT NULL COMMENT 'з”ЁжҲ·ID',
  `product_id` bigint NOT NULL COMMENT 'е•Ҷе“ҒID',
  `product_title` varchar(255) CHARACTER SET utf8mb4 COLLATE utf8mb4_0900_ai_ci NOT NULL COMMENT 'е•Ҷе“Ғж Үйўҳеҝ«з…§',
  `product_image` varchar(500) CHARACTER SET utf8mb4 COLLATE utf8mb4_0900_ai_ci NULL DEFAULT NULL COMMENT 'е•Ҷе“ҒеӣҫзүҮеҝ«з…§',
  `product_price` decimal(10, 2) NOT NULL COMMENT 'е•Ҷе“ҒеҚ•д»·еҝ«з…§',
  `quantity` int NOT NULL COMMENT 'иҙӯд№°ж•°йҮҸ',
  `total_amount` decimal(10, 2) NOT NULL COMMENT 'жҳҺз»Ҷе°Ҹи®ЎйҮ‘йўқ',
  `item_status` tinyint NOT NULL DEFAULT 0 COMMENT 'жҳҺз»ҶзҠ¶жҖҒпјҡ0-жӯЈеёёпјҢ1-е·ІеҸ–ж¶Ҳ',
  `create_time` datetime NOT NULL DEFAULT CURRENT_TIMESTAMP COMMENT 'еҲӣе»әж—¶й—ҙ',
  `update_time` datetime NOT NULL DEFAULT CURRENT_TIMESTAMP ON UPDATE CURRENT_TIMESTAMP COMMENT 'жӣҙж–°ж—¶й—ҙ',
  PRIMARY KEY (`id`) USING BTREE,
  INDEX `idx_order_id`(`order_id` ASC) USING BTREE,
  INDEX `idx_order_no`(`order_no` ASC) USING BTREE,
  INDEX `idx_user_id`(`user_id` ASC) USING BTREE,
  INDEX `idx_product_id`(`product_id` ASC) USING BTREE
) ENGINE = InnoDB AUTO_INCREMENT = 3 CHARACTER SET = utf8mb4 COLLATE = utf8mb4_0900_ai_ci COMMENT = 'и®ўеҚ•жҳҺз»ҶиЎЁ' ROW_FORMAT = Dynamic;

-- ----------------------------
-- Records of oms_order_item
-- ----------------------------
INSERT INTO `oms_order_item` VALUES (1, 1, '20260329213505000001', 1, 2, 'зү№д»‘иӢҸзәҜзүӣеҘ¶ 250ml*12 жҸҗ', 'https://picsum.photos/seed/milk/200/200', 49.90, 3, 149.70, 0, '2026-03-29 21:35:05', '2026-03-29 21:35:05');
INSERT INTO `oms_order_item` VALUES (2, 2, '20260329214037000002', 1, 2, 'зү№д»‘иӢҸзәҜзүӣеҘ¶ 250ml*12 жҸҗ', 'https://picsum.photos/seed/milk/200/200', 49.90, 1, 49.90, 0, '2026-03-29 21:40:37', '2026-03-29 21:40:37');

-- ----------------------------
-- Table structure for oms_order_operate_log
-- ----------------------------
DROP TABLE IF EXISTS `oms_order_operate_log`;
CREATE TABLE `oms_order_operate_log`  (
  `id` bigint NOT NULL AUTO_INCREMENT COMMENT 'дё»й”®',
  `order_id` bigint NOT NULL COMMENT 'и®ўеҚ•ID',
  `order_no` varchar(32) CHARACTER SET utf8mb4 COLLATE utf8mb4_0900_ai_ci NOT NULL COMMENT 'и®ўеҚ•еҸ·',
  `operate_type` tinyint NOT NULL COMMENT 'ж“ҚдҪңзұ»еһӢпјҡ1-жҸҗдәӨи®ўеҚ•пјҢ2-еҸ‘иө·ж”Ҝд»ҳпјҢ3-ж”Ҝд»ҳжҲҗеҠҹпјҢ4-ж”Ҝд»ҳеӨұиҙҘпјҢ5-з”ЁжҲ·еҸ–ж¶Ҳи®ўеҚ•пјҢ6-и¶…ж—¶е…ій—ӯи®ўеҚ•пјҢ7-йҮҠж”ҫй”Ғеә“еӯҳпјҢ8-еҗҺеҸ°е…ій—ӯи®ўеҚ•',
  `pre_status` varchar(64) CHARACTER SET utf8mb4 COLLATE utf8mb4_0900_ai_ci NULL DEFAULT NULL COMMENT 'еҸҳжӣҙеүҚзҠ¶жҖҒ',
  `post_status` varchar(64) CHARACTER SET utf8mb4 COLLATE utf8mb4_0900_ai_ci NULL DEFAULT NULL COMMENT 'еҸҳжӣҙеҗҺзҠ¶жҖҒ',
  `note` varchar(255) CHARACTER SET utf8mb4 COLLATE utf8mb4_0900_ai_ci NULL DEFAULT NULL COMMENT 'еӨҮжіЁ',
  `operator_id` bigint NULL DEFAULT NULL COMMENT 'ж“ҚдҪңдәәID',
  `operator_type` tinyint NOT NULL DEFAULT 1 COMMENT 'ж“ҚдҪңдәәзұ»еһӢпјҡ1-з”ЁжҲ·пјҢ2-зі»з»ҹпјҢ3-еҗҺеҸ°з®ЎзҗҶе‘ҳ',
  `create_time` datetime NOT NULL DEFAULT CURRENT_TIMESTAMP COMMENT 'еҲӣе»әж—¶й—ҙ',
  PRIMARY KEY (`id`) USING BTREE,
  INDEX `idx_order_id`(`order_id` ASC) USING BTREE,
  INDEX `idx_order_no`(`order_no` ASC) USING BTREE,
  INDEX `idx_create_time`(`create_time` ASC) USING BTREE
) ENGINE = InnoDB AUTO_INCREMENT = 5 CHARACTER SET = utf8mb4 COLLATE = utf8mb4_0900_ai_ci COMMENT = 'и®ўеҚ•ж“ҚдҪңж—Ҙеҝ—иЎЁ' ROW_FORMAT = Dynamic;

-- ----------------------------
-- Records of oms_order_operate_log
-- ----------------------------
INSERT INTO `oms_order_operate_log` VALUES (1, 1, '20260329213505000001', 1, NULL, 'еҫ…ж”Ҝд»ҳ', 'жҸҗдәӨи®ўеҚ•', 1, 1, '2026-03-29 21:35:05');
INSERT INTO `oms_order_operate_log` VALUES (2, 1, '20260329213505000001', 3, 'еҫ…ж”Ҝд»ҳ', 'е·Іж”Ҝд»ҳ', 'ж”Ҝд»ҳжҲҗеҠҹ', 1, 1, '2026-03-29 21:38:22');
INSERT INTO `oms_order_operate_log` VALUES (3, 2, '20260329214037000002', 1, NULL, 'еҫ…ж”Ҝд»ҳ', 'жҸҗдәӨи®ўеҚ•', 1, 1, '2026-03-29 21:40:37');
INSERT INTO `oms_order_operate_log` VALUES (4, 2, '20260329214037000002', 5, 'еҫ…ж”Ҝд»ҳ', 'е·ІеҸ–ж¶Ҳ', 'з”ЁжҲ·еҸ–ж¶Ҳи®ўеҚ•', 1, 1, '2026-03-29 21:41:33');

-- ----------------------------
-- Table structure for oms_order_pay
-- ----------------------------
DROP TABLE IF EXISTS `oms_order_pay`;
CREATE TABLE `oms_order_pay`  (
  `id` bigint NOT NULL AUTO_INCREMENT COMMENT 'дё»й”®',
  `pay_order_no` varchar(32) CHARACTER SET utf8mb4 COLLATE utf8mb4_0900_ai_ci NOT NULL COMMENT 'ж”Ҝд»ҳеҚ•еҸ·',
  `order_id` bigint NOT NULL COMMENT 'и®ўеҚ•ID',
  `order_no` varchar(32) CHARACTER SET utf8mb4 COLLATE utf8mb4_0900_ai_ci NOT NULL COMMENT 'и®ўеҚ•еҸ·',
  `user_id` bigint NOT NULL COMMENT 'з”ЁжҲ·ID',
  `pay_type` tinyint NOT NULL DEFAULT 9 COMMENT 'ж”Ҝд»ҳж–№ејҸпјҡ1-еҫ®дҝЎпјҢ2-ж”Ҝд»ҳе®қпјҢ9-жЁЎжӢҹж”Ҝд»ҳ',
  `pay_status` tinyint NOT NULL DEFAULT 0 COMMENT 'ж”Ҝд»ҳзҠ¶жҖҒпјҡ0-еҫ…ж”Ҝд»ҳпјҢ1-ж”Ҝд»ҳдёӯпјҢ2-ж”Ҝд»ҳжҲҗеҠҹпјҢ3-ж”Ҝд»ҳеӨұиҙҘпјҢ4-е·Іе…ій—ӯ',
  `pay_amount` decimal(10, 2) NOT NULL COMMENT 'ж”Ҝд»ҳйҮ‘йўқ',
  `third_party_trade_no` varchar(64) CHARACTER SET utf8mb4 COLLATE utf8mb4_0900_ai_ci NULL DEFAULT NULL COMMENT 'з¬¬дёүж–№дәӨжҳ“еҸ·пјҢжЁЎжӢҹж”Ҝд»ҳеҸҜдҪҝз”ЁMOCKејҖеӨҙ',
  `request_no` varchar(64) CHARACTER SET utf8mb4 COLLATE utf8mb4_0900_ai_ci NULL DEFAULT NULL COMMENT 'ж”Ҝд»ҳиҜ·жұӮе№ӮзӯүеҸ·',
  `pay_time` datetime NULL DEFAULT NULL COMMENT 'ж”Ҝд»ҳжҲҗеҠҹж—¶й—ҙ',
  `fail_reason` varchar(255) CHARACTER SET utf8mb4 COLLATE utf8mb4_0900_ai_ci NULL DEFAULT NULL COMMENT 'ж”Ҝд»ҳеӨұиҙҘеҺҹеӣ ',
  `notify_status` tinyint NOT NULL DEFAULT 0 COMMENT 'йҖҡзҹҘеӨ„зҗҶзҠ¶жҖҒпјҡ0-жңӘеӨ„зҗҶпјҢ1-е·ІеӨ„зҗҶ',
  `create_time` datetime NOT NULL DEFAULT CURRENT_TIMESTAMP COMMENT 'еҲӣе»әж—¶й—ҙ',
  `update_time` datetime NOT NULL DEFAULT CURRENT_TIMESTAMP ON UPDATE CURRENT_TIMESTAMP COMMENT 'жӣҙж–°ж—¶й—ҙ',
  PRIMARY KEY (`id`) USING BTREE,
  UNIQUE INDEX `uk_pay_order_no`(`pay_order_no` ASC) USING BTREE,
  UNIQUE INDEX `uk_request_no`(`request_no` ASC) USING BTREE,
  INDEX `idx_order_id`(`order_id` ASC) USING BTREE,
  INDEX `idx_order_no`(`order_no` ASC) USING BTREE,
  INDEX `idx_user_id`(`user_id` ASC) USING BTREE,
  INDEX `idx_create_time`(`create_time` ASC) USING BTREE
) ENGINE = InnoDB AUTO_INCREMENT = 3 CHARACTER SET = utf8mb4 COLLATE = utf8mb4_0900_ai_ci COMMENT = 'и®ўеҚ•ж”Ҝд»ҳеҚ•иЎЁ' ROW_FORMAT = Dynamic;

-- ----------------------------
-- Records of oms_order_pay
-- ----------------------------
INSERT INTO `oms_order_pay` VALUES (1, 'P20260329213505000001', 1, '20260329213505000001', 1, 9, 2, 149.70, 'MOCK1774791502337', 'REQ1774791502321', '2026-03-29 21:38:22', NULL, 1, '2026-03-29 21:35:05', '2026-03-29 21:38:22');
INSERT INTO `oms_order_pay` VALUES (2, 'P20260329214037000002', 2, '20260329214037000002', 1, 9, 4, 49.90, NULL, NULL, NULL, NULL, 0, '2026-03-29 21:40:37', '2026-03-29 21:41:33');

-- ----------------------------
-- Table structure for oms_order_stock_lock
-- ----------------------------
DROP TABLE IF EXISTS `oms_order_stock_lock`;
CREATE TABLE `oms_order_stock_lock`  (
  `id` bigint NOT NULL AUTO_INCREMENT COMMENT 'дё»й”®',
  `order_id` bigint NOT NULL COMMENT 'и®ўеҚ•ID',
  `order_no` varchar(32) CHARACTER SET utf8mb4 COLLATE utf8mb4_0900_ai_ci NOT NULL COMMENT 'и®ўеҚ•еҸ·',
  `user_id` bigint NOT NULL COMMENT 'з”ЁжҲ·ID',
  `product_id` bigint NOT NULL COMMENT 'е•Ҷе“ҒID',
  `lock_quantity` int NOT NULL COMMENT 'й”Ғе®ҡж•°йҮҸ',
  `lock_status` tinyint NOT NULL DEFAULT 0 COMMENT 'й”Ғеә“еӯҳзҠ¶жҖҒпјҡ0-е·Ій”Ғе®ҡпјҢ1-е·ІжүЈеҮҸпјҢ2-е·ІйҮҠж”ҫ',
  `expire_time` datetime NOT NULL COMMENT 'й”Ғеә“еӯҳиҝҮжңҹж—¶й—ҙ',
  `create_time` datetime NOT NULL DEFAULT CURRENT_TIMESTAMP COMMENT 'еҲӣе»әж—¶й—ҙ',
  `update_time` datetime NOT NULL DEFAULT CURRENT_TIMESTAMP ON UPDATE CURRENT_TIMESTAMP COMMENT 'жӣҙж–°ж—¶й—ҙ',
  PRIMARY KEY (`id`) USING BTREE,
  INDEX `idx_order_id`(`order_id` ASC) USING BTREE,
  INDEX `idx_order_no`(`order_no` ASC) USING BTREE,
  INDEX `idx_user_id`(`user_id` ASC) USING BTREE,
  INDEX `idx_product_id`(`product_id` ASC) USING BTREE,
  INDEX `idx_expire_time`(`expire_time` ASC) USING BTREE
) ENGINE = InnoDB AUTO_INCREMENT = 3 CHARACTER SET = utf8mb4 COLLATE = utf8mb4_0900_ai_ci COMMENT = 'и®ўеҚ•й”Ғеә“еӯҳиЎЁ' ROW_FORMAT = Dynamic;

-- ----------------------------
-- Records of oms_order_stock_lock
-- ----------------------------
INSERT INTO `oms_order_stock_lock` VALUES (1, 1, '20260329213505000001', 1, 2, 3, 1, '2026-03-29 21:50:06', '2026-03-29 21:35:05', '2026-03-29 21:38:22');
INSERT INTO `oms_order_stock_lock` VALUES (2, 2, '20260329214037000002', 1, 2, 1, 2, '2026-03-29 21:55:38', '2026-03-29 21:40:37', '2026-03-29 21:41:33');

-- ----------------------------
-- Table structure for pms_product
-- ----------------------------
DROP TABLE IF EXISTS `pms_product`;
CREATE TABLE `pms_product`  (
  `id` bigint NOT NULL AUTO_INCREMENT COMMENT 'дё»й”®',
  `title` varchar(200) CHARACTER SET utf8mb4 COLLATE utf8mb4_0900_ai_ci NOT NULL COMMENT 'е•Ҷе“Ғж Үйўҳ',
  `sub_title` varchar(300) CHARACTER SET utf8mb4 COLLATE utf8mb4_0900_ai_ci NULL DEFAULT NULL COMMENT 'еүҜж Үйўҳ/дҝғй”ҖиҜӯ',
  `category_id` bigint NOT NULL COMMENT 'зұ»зӣ®IDпјҢе…іиҒ” pms_product_category',
  `images` text CHARACTER SET utf8mb4 COLLATE utf8mb4_0900_ai_ci NULL COMMENT 'дё»еӣҫпјҢеӨҡеј еӣҫзүҮURLеӯҳJSONж•°з»„жҲ–йҖ—еҸ·еҲҶйҡ”',
  `main_video` varchar(500) CHARACTER SET utf8mb4 COLLATE utf8mb4_0900_ai_ci NULL DEFAULT NULL COMMENT 'дё»еӣҫи§Ҷйў‘URL',
  `detail_pics` text CHARACTER SET utf8mb4 COLLATE utf8mb4_0900_ai_ci NULL COMMENT 'иҜҰжғ…еӣҫпјҢеӨҡеј еӣҫзүҮURLеӯҳJSONж•°з»„жҲ–йҖ—еҸ·еҲҶйҡ”',
  `price` decimal(10, 2) NOT NULL DEFAULT 0.00 COMMENT 'еұ•зӨәд»·/иө·е”®д»·пјҢеҚ•дҪҚе…ғ',
  `stock` int NOT NULL DEFAULT 0 COMMENT 'еә“еӯҳ',
  `lock_stock` int NOT NULL DEFAULT 0 COMMENT 'й”Ғе®ҡеә“еӯҳпјҲе·ІдёӢеҚ•жңӘж”Ҝд»ҳпјү',
  `sale` int NOT NULL DEFAULT 0 COMMENT 'й”ҖйҮҸ',
  `status` tinyint NOT NULL DEFAULT 1 COMMENT 'зҠ¶жҖҒпјҡ1-дёҠжһ¶пјҢ0-дёӢжһ¶пјҢ2-еҫ…дёҠжһ¶',
  `sort` int NOT NULL DEFAULT 0 COMMENT 'жҺ’еәҸпјҢеҚҮеәҸ',
  `create_time` datetime NULL DEFAULT CURRENT_TIMESTAMP COMMENT 'еҲӣе»әж—¶й—ҙ',
  `update_time` datetime NULL DEFAULT CURRENT_TIMESTAMP ON UPDATE CURRENT_TIMESTAMP COMMENT 'жӣҙж–°ж—¶й—ҙ',
  `limit_per_user` int NULL DEFAULT NULL COMMENT 'жҜҸдәәйҷҗиҙӯж•°йҮҸпјҢNULL иЎЁзӨәдёҚйҷҗиҙӯ',
  PRIMARY KEY (`id`) USING BTREE,
  INDEX `idx_category_id`(`category_id` ASC) USING BTREE,
  INDEX `idx_status`(`status` ASC) USING BTREE,
  INDEX `idx_sort`(`sort` ASC) USING BTREE,
  INDEX `idx_create_time`(`create_time` ASC) USING BTREE
) ENGINE = InnoDB AUTO_INCREMENT = 4 CHARACTER SET = utf8mb4 COLLATE = utf8mb4_0900_ai_ci COMMENT = 'е•Ҷе“ҒиҜҰжғ…иЎЁпјҲSPUпјү' ROW_FORMAT = DYNAMIC;

-- ----------------------------
-- Records of pms_product
-- ----------------------------
INSERT INTO `pms_product` VALUES (1, 'ж–°йІңзәўеҜҢеЈ«иӢ№жһң 5kg зӨјзӣ’иЈ…', 'йЎәдё°еҢ…йӮ®', 2, 'https://picsum.photos/seed/apple/200/200', '', '/api/file/descs/e75bf30a600246a4a94e9a498f9acd6c.jpeg', 59.90, 0, 0, 18, 1, 0, '2026-03-14 21:49:38', '2026-03-23 21:14:30', NULL);
INSERT INTO `pms_product` VALUES (2, 'зү№д»‘иӢҸзәҜзүӣеҘ¶ 250ml*12 жҸҗ', 'е“ҒиҙЁд№ӢйҖү', 1, 'https://picsum.photos/seed/milk/200/200', NULL, NULL, 49.90, 453, 0, 3, 1, 1, '2026-03-14 21:49:38', '2026-03-29 21:41:33', NULL);
INSERT INTO `pms_product` VALUES (3, 'жөӢиҜ•', 'йЎәдё°еҢ…йӮ®', 1, '/api/file/images/1b499978a79e458896d6769fa7ebd325.jpg,/api/file/images/5c8c88ec47da41b3b073f58578bc06d5.webp,/api/file/images/0959ee2baa6e40d2b17f0cf1acc65b34.jpg,/api/file/images/51b9c2a57f2f4c69b87f4dd88730c383.jpg', '/api/file/videos/858fb97b24464688a2cdfa2a12d2bd8b.mp4', '/api/file/descs/c2ae9d03a94c46269bf57e560e5b9b44.webp,/api/file/descs/7243305815be4a97b8f608d5082c0fd9.webp,/api/file/descs/00566d68ff5a4385b7487b30e4a52351.webp', 150.00, 0, 0, 1, 0, 0, '2026-03-15 11:54:51', '2026-03-26 21:04:45', NULL);

-- ----------------------------
-- Table structure for pms_product_category
-- ----------------------------
DROP TABLE IF EXISTS `pms_product_category`;
CREATE TABLE `pms_product_category`  (
  `id` bigint NOT NULL AUTO_INCREMENT COMMENT 'дё»й”®',
  `name` varchar(100) CHARACTER SET utf8mb4 COLLATE utf8mb4_0900_ai_ci NOT NULL COMMENT 'зұ»зӣ®еҗҚз§°',
  `sort` int NOT NULL DEFAULT 0 COMMENT 'жҺ’еәҸпјҢеҚҮеәҸ',
  `status` tinyint NOT NULL DEFAULT 1 COMMENT 'зҠ¶жҖҒпјҡ1-еҗҜз”ЁпјҢ0-зҰҒз”Ё',
  `create_time` datetime NULL DEFAULT NULL COMMENT 'еҲӣе»әж—¶й—ҙ',
  PRIMARY KEY (`id`) USING BTREE,
  INDEX `idx_sort`(`sort` ASC) USING BTREE,
  INDEX `idx_status`(`status` ASC) USING BTREE
) ENGINE = InnoDB AUTO_INCREMENT = 4 CHARACTER SET = utf8mb4 COLLATE = utf8mb4_0900_ai_ci COMMENT = 'е•Ҷе“Ғзұ»зӣ®иЎЁпјҲдёҖзә§пјү' ROW_FORMAT = DYNAMIC;

-- ----------------------------
-- Records of pms_product_category
-- ----------------------------
INSERT INTO `pms_product_category` VALUES (1, 'ж°ҙжһңи”¬иҸң', 0, 1, '2026-03-14 21:24:52');
INSERT INTO `pms_product_category` VALUES (2, 'зұійқўзІ®жІ№', 2, 1, '2026-03-14 21:59:31');
INSERT INTO `pms_product_category` VALUES (3, 'жөӢиҜ•зұ»зӣ®', 0, 1, '2026-03-15 16:56:25');

-- ----------------------------
-- Table structure for pms_product_sku
-- ----------------------------
DROP TABLE IF EXISTS `pms_product_sku`;
CREATE TABLE `pms_product_sku`  (
  `id` bigint NOT NULL AUTO_INCREMENT COMMENT 'дё»й”®',
  `product_id` bigint NOT NULL COMMENT 'е•Ҷе“ҒIDпјҢе…іиҒ” pms_product',
  `spec_values` varchar(200) CHARACTER SET utf8mb4 COLLATE utf8mb4_0900_ai_ci NOT NULL DEFAULT '' COMMENT 'и§„ж јеҖјпјҢеҰӮпјҡйўңиүІ:зәў,е°әз Ғ:L',
  `sku_pic` varchar(500) CHARACTER SET utf8mb4 COLLATE utf8mb4_0900_ai_ci NULL DEFAULT NULL COMMENT 'SKU дё»еӣҫпјҲи§„ж јеӣҫпјү',
  `price` decimal(10, 2) NOT NULL DEFAULT 0.00 COMMENT 'SKU е”®д»·пјҢеҚ•дҪҚе…ғ',
  `stock` int NOT NULL DEFAULT 0 COMMENT 'SKU еә“еӯҳ',
  `sku_code` varchar(64) CHARACTER SET utf8mb4 COLLATE utf8mb4_0900_ai_ci NULL DEFAULT NULL COMMENT 'е•Ҷе®¶зј–з Ғ/SKUзј–з Ғ',
  `status` tinyint NOT NULL DEFAULT 1 COMMENT 'дёҠдёӢжһ¶пјҡ1-дёҠжһ¶пјҢ0-дёӢжһ¶',
  `sort` int NOT NULL DEFAULT 0 COMMENT 'жҺ’еәҸ',
  `create_time` datetime NULL DEFAULT CURRENT_TIMESTAMP COMMENT 'еҲӣе»әж—¶й—ҙ',
  `update_time` datetime NULL DEFAULT CURRENT_TIMESTAMP ON UPDATE CURRENT_TIMESTAMP COMMENT 'жӣҙж–°ж—¶й—ҙ',
  PRIMARY KEY (`id`) USING BTREE,
  INDEX `idx_product_id`(`product_id` ASC) USING BTREE,
  INDEX `idx_status`(`status` ASC) USING BTREE,
  INDEX `idx_sku_code`(`sku_code` ASC) USING BTREE
) ENGINE = InnoDB AUTO_INCREMENT = 3 CHARACTER SET = utf8mb4 COLLATE = utf8mb4_0900_ai_ci COMMENT = 'е•Ҷе“ҒSKUиЎЁпјҲи§„ж јпјү' ROW_FORMAT = DYNAMIC;

-- ----------------------------
-- Records of pms_product_sku
-- ----------------------------
INSERT INTO `pms_product_sku` VALUES (1, 1, '{\"и§„ж јеҗҚ\":\"и§„ж јеҖј\",\"йўңиүІ\":\"зәў\"}', 'https://picsum.photos/seed/apple/200/200', 59.90, 156, 'SKU-APPLE-001', 1, 0, '2026-03-14 21:58:50', '2026-03-15 09:54:06');
INSERT INTO `pms_product_sku` VALUES (2, 2, '{\"и§„ж јеҗҚ\":\"и§„ж јеҖј\"}', 'https://picsum.photos/seed/milk/200/200', 49.90, 85, 'SKU-MILK-001', 1, 0, '2026-03-14 21:58:50', '2026-03-15 10:02:09');

-- ----------------------------
-- Table structure for ums_admin
-- ----------------------------
DROP TABLE IF EXISTS `ums_admin`;
CREATE TABLE `ums_admin`  (
  `id` bigint NOT NULL AUTO_INCREMENT COMMENT 'дё»й”®',
  `username` varchar(64) CHARACTER SET utf8mb4 COLLATE utf8mb4_0900_ai_ci NOT NULL COMMENT 'зҷ»еҪ•з”ЁжҲ·еҗҚпјҢе…ЁеұҖе”ҜдёҖ',
  `password` varchar(128) CHARACTER SET utf8mb4 COLLATE utf8mb4_0900_ai_ci NOT NULL COMMENT 'BCrypt еҠ еҜҶеҜҶз ҒпјҢзҰҒжӯўжҳҺж–ҮеӯҳеӮЁ',
  `nickname` varchar(64) CHARACTER SET utf8mb4 COLLATE utf8mb4_0900_ai_ci NULL DEFAULT NULL COMMENT 'жҳҫзӨәжҳөз§°',
  `email` varchar(128) CHARACTER SET utf8mb4 COLLATE utf8mb4_0900_ai_ci NULL DEFAULT NULL COMMENT 'иҒ”зі»йӮ®з®ұ',
  `status` tinyint NOT NULL DEFAULT 1 COMMENT 'иҙҰеҸ·зҠ¶жҖҒпјҡ1-еҗҜз”ЁпјҢ0-зҰҒз”Ё',
  `create_time` datetime NULL DEFAULT NULL COMMENT 'иҙҰеҸ·еҲӣе»әж—¶й—ҙ',
  PRIMARY KEY (`id`) USING BTREE,
  UNIQUE INDEX `uk_username`(`username` ASC) USING BTREE
) ENGINE = InnoDB AUTO_INCREMENT = 3 CHARACTER SET = utf8mb4 COLLATE = utf8mb4_0900_ai_ci COMMENT = 'еҗҺеҸ°з®ЎзҗҶе‘ҳиЎЁ' ROW_FORMAT = DYNAMIC;

-- ----------------------------
-- Records of ums_admin
-- ----------------------------
INSERT INTO `ums_admin` VALUES (1, 'admin', '$2a$10$TWQm1YIUgTxGkt.7.td1TuU.9Cl5Hqw6CJ1eAitmI4zqYnNBNRJhy', 'и¶…зә§з®ЎзҗҶе‘ҳ', '', 1, '2026-03-11 21:33:28');
INSERT INTO `ums_admin` VALUES (2, 'haitong', '$2a$10$AdvxdqtvBPmxiQsP6zVMnO3yiTQ8l/AgpC0kVmjBRIiWBQl89rBOG', 'жқӮиҙ§еә—д»қиҖҒжқҝ', 'haitongt6@gmail.com', 1, '2026-03-14 08:00:41');

-- ----------------------------
-- Table structure for ums_admin_role_relation
-- ----------------------------
DROP TABLE IF EXISTS `ums_admin_role_relation`;
CREATE TABLE `ums_admin_role_relation`  (
  `id` bigint NOT NULL AUTO_INCREMENT COMMENT 'дё»й”®',
  `admin_id` bigint NOT NULL COMMENT 'з®ЎзҗҶе‘ҳ ID',
  `role_id` bigint NOT NULL COMMENT 'и§’иүІ ID',
  PRIMARY KEY (`id`) USING BTREE,
  INDEX `idx_admin_id`(`admin_id` ASC) USING BTREE,
  INDEX `idx_role_id`(`role_id` ASC) USING BTREE
) ENGINE = InnoDB AUTO_INCREMENT = 38 CHARACTER SET = utf8mb4 COLLATE = utf8mb4_0900_ai_ci COMMENT = 'з®ЎзҗҶе‘ҳи§’иүІе…іиҒ”иЎЁ' ROW_FORMAT = DYNAMIC;

-- ----------------------------
-- Records of ums_admin_role_relation
-- ----------------------------
INSERT INTO `ums_admin_role_relation` VALUES (20, 1, 1);
INSERT INTO `ums_admin_role_relation` VALUES (35, 2, 6);
INSERT INTO `ums_admin_role_relation` VALUES (36, 2, 4);
INSERT INTO `ums_admin_role_relation` VALUES (37, 2, 5);

-- ----------------------------
-- Table structure for ums_member
-- ----------------------------
DROP TABLE IF EXISTS `ums_member`;
CREATE TABLE `ums_member`  (
  `id` bigint NOT NULL AUTO_INCREMENT,
  `phone` varchar(20) CHARACTER SET utf8mb4 COLLATE utf8mb4_0900_ai_ci NOT NULL COMMENT 'жүӢжңәеҸ·пјҲе”ҜдёҖзҷ»еҪ•еҮӯиҜҒпјү',
  `nickname` varchar(64) CHARACTER SET utf8mb4 COLLATE utf8mb4_0900_ai_ci NULL DEFAULT NULL COMMENT 'жҳөз§°',
  `avatar` varchar(500) CHARACTER SET utf8mb4 COLLATE utf8mb4_0900_ai_ci NULL DEFAULT NULL COMMENT 'еӨҙеғҸURL',
  `status` int NOT NULL DEFAULT 1 COMMENT '0-зҰҒз”Ё 1-еҗҜз”Ё',
  `create_time` datetime NOT NULL DEFAULT CURRENT_TIMESTAMP,
  `update_time` datetime NOT NULL DEFAULT CURRENT_TIMESTAMP ON UPDATE CURRENT_TIMESTAMP,
  PRIMARY KEY (`id`) USING BTREE,
  UNIQUE INDEX `uk_phone`(`phone` ASC) USING BTREE
) ENGINE = InnoDB AUTO_INCREMENT = 2 CHARACTER SET = utf8mb4 COLLATE = utf8mb4_0900_ai_ci COMMENT = 'Cз«Ҝдјҡе‘ҳиЎЁ' ROW_FORMAT = Dynamic;

-- ----------------------------
-- Records of ums_member
-- ----------------------------
INSERT INTO `ums_member` VALUES (1, '13127108261', 'з”ЁжҲ·8261', NULL, 1, '2026-03-16 21:15:43', '2026-03-16 21:15:43');

-- ----------------------------
-- Table structure for ums_permission
-- ----------------------------
DROP TABLE IF EXISTS `ums_permission`;
CREATE TABLE `ums_permission`  (
  `id` bigint NOT NULL AUTO_INCREMENT COMMENT 'дё»й”®',
  `pid` bigint NOT NULL DEFAULT 0 COMMENT 'зҲ¶жқғйҷҗ IDпјҢ0 иЎЁзӨәж №иҠӮзӮ№',
  `name` varchar(200) CHARACTER SET utf8mb4 COLLATE utf8mb4_0900_ai_ci NOT NULL COMMENT 'жқғйҷҗеҗҚз§°пјҲз•Ңйқўеұ•зӨәз”Ёпјү',
  `value` varchar(200) CHARACTER SET utf8mb4 COLLATE utf8mb4_0900_ai_ci NULL DEFAULT NULL COMMENT 'жқғйҷҗж ҮиҜҶз¬ҰпјҢеҰӮ pms:product:read',
  `icon` varchar(500) CHARACTER SET utf8mb4 COLLATE utf8mb4_0900_ai_ci NULL DEFAULT NULL COMMENT 'иҸңеҚ•еӣҫж Ү',
  `type` tinyint NOT NULL DEFAULT 1 COMMENT 'иҠӮзӮ№зұ»еһӢпјҡ0-зӣ®еҪ•пјҢ1-иҸңеҚ•пјҢ2-жҢүй’®',
  PRIMARY KEY (`id`) USING BTREE
) ENGINE = InnoDB AUTO_INCREMENT = 57 CHARACTER SET = utf8mb4 COLLATE = utf8mb4_0900_ai_ci COMMENT = 'еҗҺеҸ°жқғйҷҗиЎЁ' ROW_FORMAT = DYNAMIC;

-- ----------------------------
-- Records of ums_permission
-- ----------------------------
INSERT INTO `ums_permission` VALUES (1, 0, 'д»ӘиЎЁзӣҳ', '/', 'LayoutDashboard', 1);
INSERT INTO `ums_permission` VALUES (2, 0, 'е•Ҷе“Ғз®ЎзҗҶ', '', 'Package', 0);
INSERT INTO `ums_permission` VALUES (3, 0, 'и®ўеҚ•з®ЎзҗҶ', '/orders', 'ClipboardList', 1);
INSERT INTO `ums_permission` VALUES (25, 0, 'зі»з»ҹи®ҫзҪ®', '', 'Settings', 0);
INSERT INTO `ums_permission` VALUES (26, 25, 'и§’иүІз®ЎзҗҶ', '/settings/roles', 'Shield', 1);
INSERT INTO `ums_permission` VALUES (27, 25, 'з”ЁжҲ·з®ЎзҗҶ', '/settings/users', 'Users', 1);
INSERT INTO `ums_permission` VALUES (28, 26, 'и§’иүІеҲ—иЎЁ', 'ums:role:list', NULL, 2);
INSERT INTO `ums_permission` VALUES (29, 26, 'ж–°еўһи§’иүІ', 'ums:role:add', NULL, 2);
INSERT INTO `ums_permission` VALUES (30, 26, 'зј–иҫ‘и§’иүІ', 'ums:role:edit', NULL, 2);
INSERT INTO `ums_permission` VALUES (31, 26, 'еҲ йҷӨи§’иүІ', 'ums:role:delete', NULL, 2);
INSERT INTO `ums_permission` VALUES (32, 25, 'иҸңеҚ•з®ЎзҗҶ', '/settings/menus', 'List', 1);
INSERT INTO `ums_permission` VALUES (33, 32, 'иҸңеҚ•еҲ—иЎЁ', 'ums:menu:list', NULL, 2);
INSERT INTO `ums_permission` VALUES (34, 32, 'ж–°еўһжҢүй’®', 'ums:button:add', NULL, 2);
INSERT INTO `ums_permission` VALUES (35, 32, 'зј–иҫ‘жҢүй’®', 'ums:button:edit', NULL, 2);
INSERT INTO `ums_permission` VALUES (36, 32, 'еҲ йҷӨжҢүй’®', 'ums:button:delete', NULL, 2);
INSERT INTO `ums_permission` VALUES (37, 25, 'ж·»еҠ з®ЎзҗҶе‘ҳ', 'ums:admin:add', NULL, 2);
INSERT INTO `ums_permission` VALUES (38, 25, 'з®ЎзҗҶе‘ҳеҲ—иЎЁ', 'ums:admin:list', NULL, 2);
INSERT INTO `ums_permission` VALUES (39, 25, 'зј–иҫ‘з®ЎзҗҶе‘ҳ', 'ums:admin:edit', NULL, 2);
INSERT INTO `ums_permission` VALUES (40, 25, 'еҲ йҷӨз®ЎзҗҶе‘ҳ', 'ums:admin:delete', NULL, 2);
INSERT INTO `ums_permission` VALUES (44, 2, 'зұ»зӣ®з®ЎзҗҶ', '/products/categories', 'FolderOpen', 1);
INSERT INTO `ums_permission` VALUES (45, 44, 'зұ»зӣ®еҲ—иЎЁ', 'pms:category:list', NULL, 2);
INSERT INTO `ums_permission` VALUES (46, 44, 'ж–°еўһзұ»зӣ®', 'pms:category:add', NULL, 2);
INSERT INTO `ums_permission` VALUES (47, 44, 'зј–иҫ‘зұ»зӣ®', 'pms:category:edit', NULL, 2);
INSERT INTO `ums_permission` VALUES (48, 44, 'еҲ йҷӨзұ»зӣ®', 'pms:category:delete', NULL, 2);
INSERT INTO `ums_permission` VALUES (49, 2, 'е•Ҷе“ҒеҲ—иЎЁ', '/products', NULL, 1);
INSERT INTO `ums_permission` VALUES (50, 49, 'ж–°еўһе•Ҷе“Ғ', 'pms:product:add', NULL, 2);
INSERT INTO `ums_permission` VALUES (51, 49, 'зј–иҫ‘е•Ҷе“Ғ', 'pms:product:edit', NULL, 2);
INSERT INTO `ums_permission` VALUES (52, 49, 'е•Ҷе“ҒеҲ—иЎЁ', 'pms:product:list', NULL, 2);
INSERT INTO `ums_permission` VALUES (53, 0, 'и®ўеҚ•еҲ—иЎЁ', 'oms:order:list', NULL, 2);
INSERT INTO `ums_permission` VALUES (54, 0, 'и®ўеҚ•иҜҰжғ…', 'oms:order:detail', NULL, 2);
INSERT INTO `ums_permission` VALUES (55, 0, 'е…ій—ӯи®ўеҚ•', 'oms:order:close', NULL, 2);
INSERT INTO `ums_permission` VALUES (56, 0, 'жЁЎжӢҹж”Ҝд»ҳжҲҗеҠҹ', 'oms:pay:mock:success', NULL, 2);

-- ----------------------------
-- Table structure for ums_role
-- ----------------------------
DROP TABLE IF EXISTS `ums_role`;
CREATE TABLE `ums_role`  (
  `id` bigint NOT NULL AUTO_INCREMENT COMMENT 'дё»й”®',
  `name` varchar(100) CHARACTER SET utf8mb4 COLLATE utf8mb4_0900_ai_ci NOT NULL COMMENT 'и§’иүІеҗҚз§°пјҢеҰӮ SUPER_ADMIN',
  `description` varchar(500) CHARACTER SET utf8mb4 COLLATE utf8mb4_0900_ai_ci NULL DEFAULT NULL COMMENT 'и§’иүІжҸҸиҝ°',
  `status` tinyint NOT NULL DEFAULT 1 COMMENT 'зҠ¶жҖҒпјҡ1-еҗҜз”ЁпјҢ0-зҰҒз”Ё',
  PRIMARY KEY (`id`) USING BTREE
) ENGINE = InnoDB AUTO_INCREMENT = 7 CHARACTER SET = utf8mb4 COLLATE = utf8mb4_0900_ai_ci COMMENT = 'еҗҺеҸ°и§’иүІиЎЁ' ROW_FORMAT = DYNAMIC;

-- ----------------------------
-- Records of ums_role
-- ----------------------------
INSERT INTO `ums_role` VALUES (1, 'SUPER_ADMIN', 'и¶…зә§з®ЎзҗҶе‘ҳпјҢжӢҘжңүжүҖжңүжқғйҷҗ', 1);
INSERT INTO `ums_role` VALUES (4, 'иҙўеҠЎ', 'еҜ№иҙҰгҖҒжҹҘзңӢи®ўеҚ•', 1);
INSERT INTO `ums_role` VALUES (5, 'еӣўй•ҝ', 'жҹҘзңӢи®ўеҚ•гҖҒжҹҘзңӢд»ӘиЎЁзӣҳ', 1);
INSERT INTO `ums_role` VALUES (6, 'жҹҘзңӢи§’иүІ', '', 1);

-- ----------------------------
-- Table structure for ums_role_permission_relation
-- ----------------------------
DROP TABLE IF EXISTS `ums_role_permission_relation`;
CREATE TABLE `ums_role_permission_relation`  (
  `id` bigint NOT NULL AUTO_INCREMENT COMMENT 'дё»й”®',
  `role_id` bigint NOT NULL COMMENT 'и§’иүІ ID',
  `permission_id` bigint NOT NULL COMMENT 'жқғйҷҗ ID',
  PRIMARY KEY (`id`) USING BTREE,
  INDEX `idx_role_id`(`role_id` ASC) USING BTREE,
  INDEX `idx_permission_id`(`permission_id` ASC) USING BTREE
) ENGINE = InnoDB AUTO_INCREMENT = 140 CHARACTER SET = utf8mb4 COLLATE = utf8mb4_0900_ai_ci COMMENT = 'и§’иүІжқғйҷҗе…іиҒ”иЎЁ' ROW_FORMAT = DYNAMIC;

-- ----------------------------
-- Records of ums_role_permission_relation
-- ----------------------------
INSERT INTO `ums_role_permission_relation` VALUES (17, 1, 1);
INSERT INTO `ums_role_permission_relation` VALUES (18, 1, 2);
INSERT INTO `ums_role_permission_relation` VALUES (19, 1, 3);
INSERT INTO `ums_role_permission_relation` VALUES (20, 1, 5);
INSERT INTO `ums_role_permission_relation` VALUES (46, 1, 26);
INSERT INTO `ums_role_permission_relation` VALUES (47, 1, 25);
INSERT INTO `ums_role_permission_relation` VALUES (51, 1, 27);
INSERT INTO `ums_role_permission_relation` VALUES (55, 1, 28);
INSERT INTO `ums_role_permission_relation` VALUES (56, 1, 29);
INSERT INTO `ums_role_permission_relation` VALUES (57, 1, 30);
INSERT INTO `ums_role_permission_relation` VALUES (58, 1, 31);
INSERT INTO `ums_role_permission_relation` VALUES (62, 1, 32);
INSERT INTO `ums_role_permission_relation` VALUES (63, 1, 33);
INSERT INTO `ums_role_permission_relation` VALUES (64, 1, 34);
INSERT INTO `ums_role_permission_relation` VALUES (65, 1, 35);
INSERT INTO `ums_role_permission_relation` VALUES (66, 1, 36);
INSERT INTO `ums_role_permission_relation` VALUES (70, 4, 3);
INSERT INTO `ums_role_permission_relation` VALUES (71, 5, 1);
INSERT INTO `ums_role_permission_relation` VALUES (72, 5, 5);
INSERT INTO `ums_role_permission_relation` VALUES (82, 1, 42);
INSERT INTO `ums_role_permission_relation` VALUES (83, 1, 43);
INSERT INTO `ums_role_permission_relation` VALUES (84, 1, 44);
INSERT INTO `ums_role_permission_relation` VALUES (86, 1, 45);
INSERT INTO `ums_role_permission_relation` VALUES (87, 1, 46);
INSERT INTO `ums_role_permission_relation` VALUES (88, 1, 47);
INSERT INTO `ums_role_permission_relation` VALUES (89, 1, 48);
INSERT INTO `ums_role_permission_relation` VALUES (93, 1, 49);
INSERT INTO `ums_role_permission_relation` VALUES (94, 1, 50);
INSERT INTO `ums_role_permission_relation` VALUES (95, 1, 51);
INSERT INTO `ums_role_permission_relation` VALUES (126, 1, 52);
INSERT INTO `ums_role_permission_relation` VALUES (127, 6, 2);
INSERT INTO `ums_role_permission_relation` VALUES (128, 6, 44);
INSERT INTO `ums_role_permission_relation` VALUES (129, 6, 45);
INSERT INTO `ums_role_permission_relation` VALUES (130, 6, 49);
INSERT INTO `ums_role_permission_relation` VALUES (131, 6, 51);
INSERT INTO `ums_role_permission_relation` VALUES (132, 6, 52);
INSERT INTO `ums_role_permission_relation` VALUES (133, 6, 25);
INSERT INTO `ums_role_permission_relation` VALUES (134, 6, 26);
INSERT INTO `ums_role_permission_relation` VALUES (135, 6, 28);
INSERT INTO `ums_role_permission_relation` VALUES (136, 1, 53);
INSERT INTO `ums_role_permission_relation` VALUES (137, 1, 54);
INSERT INTO `ums_role_permission_relation` VALUES (138, 1, 55);
INSERT INTO `ums_role_permission_relation` VALUES (139, 1, 56);

SET FOREIGN_KEY_CHECKS = 1;
